"CRN","UNIT_NUM","MC_BAG_IND","MC_DVR_BOOTS_IND","MC_DVR_EDC_IND","MC_DVR_EYEPRT_IND","MC_DVR_HLMT_TYPE","MC_DVR_HLMTDOT_IND","MC_DVR_HLMTON_IND","MC_DVR_LNGPNTS_IND","MC_DVR_LNGSLV_IND","MC_ENGINE_SIZE","MC_PAS_BOOTS_IND","MC_PAS_EYEPRT_IND","MC_PAS_HLMT_TYPE","MC_PAS_HLMTDOT_IND","MC_PAS_HLMTON_IND","MC_PAS_LNGPNTS_IND","MC_PAS_LNGSLV_IND","MC_PASSNGR_IND","MC_TRAIL_IND","PC_HDLGHT_IND","PC_HLMT_IND","PC_PASSNGR_IND","PC_REAR_RFLTR_IND","CRASH_YEAR","COUNTY","COUNTY_YEAR","MUNICIPALITY"
"2002014526","1","U","U","U","U","9","U","U","U","U","00000","U","U","9","U","U","U","U","U","U","","","","","2001","67","CYCLE_2001_Philadelphia","67301"
"2002014536","1","","","","","","","","","","","","","","","","","","","","U","U","U","U","2001","67","CYCLE_2001_Philadelphia","67301"
"2002014557","1","","","","","","","","","","","","","","","","","","","","U","U","U","U","2001","67","CYCLE_2001_Philadelphia","67301"
"2002014574","1","","","","","","","","","","","","","","","","","","","","U","U","U","U","2001","67","CYCLE_2001_Philadelphia","67301"
"2002014600","1","","","","","","","","","","","","","","","","","","","","U","U","U","U","2001","67","CYCLE_2001_Philadelphia","67301"
"2002014627","1","U","U","U","U","9","U","U","U","U","00000","U","U","9","U","U","U","U","U","U","","","","","2001","67","CYCLE_2001_Philadelphia","67301"
"2002014906","1","U","U","U","U","9","U","U","U","U","00000","U","U","9","U","U","U","U","U","U","","","","","2001","67","CYCLE_2001_Philadelphia","67301"
"2002014920","2","","","","","","","","","","","","","","","","","","","","U","Y","U","U","2001","67","CYCLE_2001_Philadelphia","67301"
"2002014940","2","","","","","","","","","","","","","","","","","","","","U","Y","U","U","2001","67","CYCLE_2001_Philadelphia","67301"
"2002014960","2","U","U","U","Y","9","U","U","U","U","00000","U","U","9","U","U","U","U","U","U","","","","","2001","67","CYCLE_2001_Philadelphia","67301"
"2002015180","1","U","U","U","Y","9","U","U","U","U","00000","U","U","9","U","U","U","U","U","U","","","","","2001","67","CYCLE_2001_Philadelphia","67301"
"2002016368","2","","","","","","","","","","","","","","","","","","","","U","U","U","U","2001","67","CYCLE_2001_Philadelphia","67301"
"2002016675","1","U","U","U","U","9","U","U","U","U","00000","U","U","9","U","U","U","U","U","U","","","","","2001","67","CYCLE_2001_Philadelphia","67301"
"2002016686","2","","","","","","","","","","","","","","","","","","","","U","Y","U","U","2001","67","CYCLE_2001_Philadelphia","67301"
"2002016692","1","U","U","U","U","9","U","U","U","U","00000","U","U","9","U","U","U","U","U","U","","","","","2001","67","CYCLE_2001_Philadelphia","67301"
"2002016713","1","U","U","U","U","9","U","U","U","U","00000","U","U","9","U","U","U","U","U","U","","","","","2001","67","CYCLE_2001_Philadelphia","67301"
"2002016713","2","U","U","U","U","9","U","U","U","U","00000","U","U","9","U","U","U","U","Y","U","","","","","2001","67","CYCLE_2001_Philadelphia","67301"
"2002016715","2","","","","","","","","","","","","","","","","","","","","U","U","U","U","2001","67","CYCLE_2001_Philadelphia","67301"
"2002016730","1","","","","","","","","","","","","","","","","","","","","U","U","U","U","2001","67","CYCLE_2001_Philadelphia","67301"
"2002016732","1","","","","","","","","","","","","","","","","","","","","U","U","Y","U","2001","67","CYCLE_2001_Philadelphia","67301"
"2002016745","1","U","U","U","Y","9","U","U","U","U","00000","U","U","9","U","U","U","U","U","U","","","","","2001","67","CYCLE_2001_Philadelphia","67301"
"2002016818","2","U","U","U","Y","9","U","U","U","U","00000","U","U","9","U","U","U","U","U","U","","","","","2001","67","CYCLE_2001_Philadelphia","67301"
"2002016825","2","U","U","U","U","9","U","U","U","U","00000","U","U","9","U","U","U","U","U","U","","","","","2001","67","CYCLE_2001_Philadelphia","67301"
"2002017162","1","U","U","U","U","9","U","U","U","U","00000","U","U","9","U","U","U","U","U","U","","","","","2001","67","CYCLE_2001_Philadelphia","67301"
"2002017170","1","U","U","U","U","9","U","U","U","U","00000","U","U","9","U","U","U","U","U","U","","","","","2001","67","CYCLE_2001_Philadelphia","67301"
"2002017170","2","U","U","U","U","9","U","U","U","U","00000","U","U","9","U","U","U","U","U","U","","","","","2001","67","CYCLE_2001_Philadelphia","67301"
"2002017170","3","U","U","U","U","9","U","U","U","U","00000","U","U","9","U","U","U","U","U","U","","","","","2001","67","CYCLE_2001_Philadelphia","67301"
"2002017183","2","","","","","","","","","","","","","","","","","","","","U","U","U","U","2001","67","CYCLE_2001_Philadelphia","67301"
"2002017185","1","U","U","U","U","9","U","U","U","U","00000","U","U","9","U","U","U","U","U","U","","","","","2001","67","CYCLE_2001_Philadelphia","67301"
"2002017241","1","U","U","U","U","9","U","U","U","U","00000","U","U","9","U","U","U","U","U","U","","","","","2001","67","CYCLE_2001_Philadelphia","67301"
"2002017247","2","","","","","","","","","","","","","","","","","","","","U","U","U","U","2001","67","CYCLE_2001_Philadelphia","67301"
"2002017249","2","","","","","","","","","","","","","","","","","","","","U","U","U","U","2001","67","CYCLE_2001_Philadelphia","67301"
"2002017269","2","","","","","","","","","","","","","","","","","","","","U","Y","U","U","2001","67","CYCLE_2001_Philadelphia","67301"
"2002017508","1","","","","","","","","","","","","","","","","","","","","U","U","Y","U","2001","67","CYCLE_2001_Philadelphia","67301"
"2002017528","2","U","U","U","Y","9","U","U","U","U","00000","U","U","9","U","U","U","U","U","U","","","","","2001","67","CYCLE_2001_Philadelphia","67301"
"2002017529","1","U","U","U","U","9","U","U","U","U","00000","U","U","9","U","U","U","U","U","U","","","","","2001","67","CYCLE_2001_Philadelphia","67301"
"2002017541","2","","","","","","","","","","","","","","","","","","","","U","U","U","U","2001","67","CYCLE_2001_Philadelphia","67301"
"2002017552","2","","","","","","","","","","","","","","","","","","","","U","U","U","U","2001","67","CYCLE_2001_Philadelphia","67301"
"2002017619","2","U","U","U","U","9","U","U","U","U","00000","U","U","9","U","U","U","U","U","U","","","","","2001","67","CYCLE_2001_Philadelphia","67301"
"2002017864","2","","","","","","","","","","","","","","","","","","","","U","U","U","U","2001","67","CYCLE_2001_Philadelphia","67301"
"2002017877","2","","","","","","","","","","","","","","","","","","","","U","U","U","U","2001","67","CYCLE_2001_Philadelphia","67301"
"2002018534","2","","","","","","","","","","","","","","","","","","","","U","U","U","U","2001","67","CYCLE_2001_Philadelphia","67301"
"2002018880","1","","","","","","","","","","","","","","","","","","","","U","U","U","U","2001","67","CYCLE_2001_Philadelphia","67301"
"2002018882","1","","","","","","","","","","","","","","","","","","","","U","U","U","U","2001","67","CYCLE_2001_Philadelphia","67301"
"2002018886","2","U","U","U","U","9","U","U","U","U","00000","U","U","9","U","U","U","U","Y","U","","","","","2001","67","CYCLE_2001_Philadelphia","67301"
"2002018892","2","","","","","","","","","","","","","","","","","","","","U","U","U","U","2001","67","CYCLE_2001_Philadelphia","67301"
"2002018893","1","U","U","U","Y","9","U","U","U","U","00000","U","U","9","U","U","U","U","U","U","","","","","2001","67","CYCLE_2001_Philadelphia","67301"
"2002018894","2","","","","","","","","","","","","","","","","","","","","U","U","U","U","2001","67","CYCLE_2001_Philadelphia","67301"
"2002018925","2","","","","","","","","","","","","","","","","","","","","U","U","Y","U","2001","67","CYCLE_2001_Philadelphia","67301"
"2002019301","2","U","U","U","U","9","U","U","U","U","00000","U","U","9","U","U","U","U","U","U","","","","","2001","67","CYCLE_2001_Philadelphia","67301"
"2002020037","2","U","U","U","U","9","U","U","U","U","00000","U","U","9","U","U","U","U","U","U","","","","","2001","67","CYCLE_2001_Philadelphia","67301"
"2002020069","2","","","","","","","","","","","","","","","","","","","","U","U","U","U","2001","67","CYCLE_2001_Philadelphia","67301"
"2002020086","2","","","","","","","","","","","","","","","","","","","","U","U","U","U","2001","67","CYCLE_2001_Philadelphia","67301"
"2002020106","3","U","U","U","U","9","U","U","U","U","00000","U","U","9","U","U","U","U","U","U","","","","","2001","67","CYCLE_2001_Philadelphia","67301"
"2002020119","1","","","","","","","","","","","","","","","","","","","","U","U","U","U","2001","67","CYCLE_2001_Philadelphia","67301"
"2002020129","1","","","","","","","","","","","","","","","","","","","","U","U","U","U","2001","67","CYCLE_2001_Philadelphia","67301"
"2002020154","2","","","","","","","","","","","","","","","","","","","","U","U","U","U","2001","67","CYCLE_2001_Philadelphia","67301"
"2002020167","1","U","U","U","U","9","U","U","U","U","00000","U","U","9","U","U","U","U","U","U","","","","","2001","67","CYCLE_2001_Philadelphia","67301"
"2002020175","2","","","","","","","","","","","","","","","","","","","","U","U","U","U","2001","67","CYCLE_2001_Philadelphia","67301"
"2002020431","2","","","","","","","","","","","","","","","","","","","","U","U","U","U","2001","67","CYCLE_2001_Philadelphia","67301"
"2002020435","2","","","","","","","","","","","","","","","","","","","","U","U","Y","U","2001","67","CYCLE_2001_Philadelphia","67301"
"2002020443","1","U","U","U","U","9","U","U","U","U","00000","U","U","9","U","U","U","U","U","U","","","","","2001","67","CYCLE_2001_Philadelphia","67301"
"2002004016","2","","","","","","","","","","","","","","","","","","","","U","Y","U","U","2001","67","CYCLE_2001_Philadelphia","67301"
"2002004033","2","","","","","","","","","","","","","","","","","","","","U","U","U","U","2001","67","CYCLE_2001_Philadelphia","67301"
"2002004242","2","","","","","","","","","","","","","","","","","","","","U","U","U","U","2001","67","CYCLE_2001_Philadelphia","67301"
"2002004246","1","U","U","U","Y","9","U","U","U","U","00000","U","U","9","U","U","U","U","U","U","","","","","2001","67","CYCLE_2001_Philadelphia","67301"
"2002004247","2","","","","","","","","","","","","","","","","","","","","U","U","U","U","2001","67","CYCLE_2001_Philadelphia","67301"
"2002004254","2","","","","","","","","","","","","","","","","","","","","U","U","U","U","2001","67","CYCLE_2001_Philadelphia","67301"
"2002004738","1","","","","","","","","","","","","","","","","","","","","U","U","U","U","2001","67","CYCLE_2001_Philadelphia","67301"
"2002005841","2","","","","","","","","","","","","","","","","","","","","U","Y","U","U","2001","67","CYCLE_2001_Philadelphia","67301"
"2002006398","2","","","","","","","","","","","","","","","","","","","","U","Y","U","U","2001","67","CYCLE_2001_Philadelphia","67301"
"2002006400","1","U","U","U","U","9","U","U","U","U","00000","U","U","9","U","U","U","U","U","U","","","","","2001","67","CYCLE_2001_Philadelphia","67301"
"2002007925","2","","","","","","","","","","","","","","","","","","","","U","U","U","U","2001","67","CYCLE_2001_Philadelphia","67301"
"2002007943","2","","","","","","","","","","","","","","","","","","","","U","U","U","U","2001","67","CYCLE_2001_Philadelphia","67301"
"2002007946","1","U","U","U","U","9","U","U","U","U","99999","","","","","","","","N","U","","","","","2001","67","CYCLE_2001_Philadelphia","67301"
"2002008918","2","","","","","","","","","","","","","","","","","","","","U","U","U","U","2001","67","CYCLE_2001_Philadelphia","67301"
"2001240025","2","","","","","","","","","","","","","","","","","","","","U","U","N","U","2001","67","CYCLE_2001_Philadelphia","67301"
"2001240060","1","","","","","","","","","","","","","","","","","","","","U","U","N","U","2001","67","CYCLE_2001_Philadelphia","67301"
"2001240064","2","","","","","","","","","","","","","","","","","","","","U","U","N","U","2001","67","CYCLE_2001_Philadelphia","67301"
"2001240068","1","","","","","","","","","","","","","","","","","","","","U","U","N","U","2001","67","CYCLE_2001_Philadelphia","67301"
"2001240126","2","","","","","","","","","","","","","","","","","","","","U","U","N","U","2001","67","CYCLE_2001_Philadelphia","67301"
"2001240138","1","U","U","U","U","9","U","U","U","U","00400","","","","","","","","N","U","","","","","2001","67","CYCLE_2001_Philadelphia","67301"
"2001240147","2","","","","","","","","","","","","","","","","","","","","U","U","N","U","2001","67","CYCLE_2001_Philadelphia","67301"
"2001240153","1","U","U","U","U","9","U","U","U","U","00000","","","","","","","","N","U","","","","","2001","67","CYCLE_2001_Philadelphia","67301"
"2001240155","1","U","U","U","U","9","U","U","U","U","00600","","","","","","","","N","U","","","","","2001","67","CYCLE_2001_Philadelphia","67301"
"2001240179","2","","","","","","","","","","","","","","","","","","","","U","U","N","U","2001","67","CYCLE_2001_Philadelphia","67301"
"2001240199","2","","","","","","","","","","","","","","","","","","","","U","U","N","U","2001","67","CYCLE_2001_Philadelphia","67301"
"2001240205","2","","","","","","","","","","","","","","","","","","","","U","U","N","U","2001","67","CYCLE_2001_Philadelphia","67301"
"2001240206","2","","","","","","","","","","","","","","","","","","","","U","U","N","U","2001","67","CYCLE_2001_Philadelphia","67301"
"2001240210","2","","","","","","","","","","","","","","","","","","","","U","U","N","U","2001","67","CYCLE_2001_Philadelphia","67301"
"2001240239","2","","","","","","","","","","","","","","","","","","","","U","U","N","U","2001","67","CYCLE_2001_Philadelphia","67301"
"2001240248","2","","","","","","","","","","","","","","","","","","","","U","U","N","U","2001","67","CYCLE_2001_Philadelphia","67301"
"2001240944","1","","","","","","","","","","","","","","","","","","","","U","U","Y","U","2001","67","CYCLE_2001_Philadelphia","67301"
"2001240954","2","","","","","","","","","","","","","","","","","","","","U","U","N","U","2001","67","CYCLE_2001_Philadelphia","67301"
"2001243082","2","","","","","","","","","","","","","","","","","","","","U","U","N","U","2001","67","CYCLE_2001_Philadelphia","67301"
"2001243095","2","","","","","","","","","","","","","","","","","","","","U","U","Y","U","2001","67","CYCLE_2001_Philadelphia","67301"
"2001243098","1","U","U","U","U","9","U","U","U","U","00249","","","","","","","","N","U","","","","","2001","67","CYCLE_2001_Philadelphia","67301"
"2001243263","2","","","","","","","","","","","","","","","","","","","","U","U","N","U","2001","67","CYCLE_2001_Philadelphia","67301"
"2001243325","2","","","","","","","","","","","","","","","","","","","","U","U","N","U","2001","67","CYCLE_2001_Philadelphia","67301"
"2001243329","1","U","U","U","U","9","U","U","U","U","00749","","","","","","","","N","U","","","","","2001","67","CYCLE_2001_Philadelphia","67301"
"2001243331","2","","","","","","","","","","","","","","","","","","","","U","U","N","U","2001","67","CYCLE_2001_Philadelphia","67301"
"2001243335","2","U","U","U","U","9","U","U","U","U","00599","","","","","","","","N","U","","","","","2001","67","CYCLE_2001_Philadelphia","67301"
"2001243338","2","","","","","","","","","","","","","","","","","","","","U","U","N","U","2001","67","CYCLE_2001_Philadelphia","67301"
"2001243342","2","","","","","","","","","","","","","","","","","","","","U","U","N","U","2001","67","CYCLE_2001_Philadelphia","67301"
"2001243455","2","","","","","","","","","","","","","","","","","","","","U","U","N","U","2001","67","CYCLE_2001_Philadelphia","67301"
"2001243459","2","","","","","","","","","","","","","","","","","","","","U","U","N","U","2001","67","CYCLE_2001_Philadelphia","67301"
"2001243465","1","","","","","","","","","","","","","","","","","","","","U","U","N","U","2001","67","CYCLE_2001_Philadelphia","67301"
"2001243499","2","","","","","","","","","","","","","","","","","","","","U","U","N","U","2001","67","CYCLE_2001_Philadelphia","67301"
"2001243515","2","","","","","","","","","","","","","","","","","","","","U","U","N","U","2001","67","CYCLE_2001_Philadelphia","67301"
"2001243516","1","","","","","","","","","","","","","","","","","","","","U","U","N","U","2001","67","CYCLE_2001_Philadelphia","67301"
"2001243517","2","","","","","","","","","","","","","","","","","","","","U","U","N","U","2001","67","CYCLE_2001_Philadelphia","67301"
"2001243518","1","U","U","U","U","9","U","U","U","U","00599","","","","","","","","N","U","","","","","2001","67","CYCLE_2001_Philadelphia","67301"
"2001243528","2","","","","","","","","","","","","","","","","","","","","U","U","N","U","2001","67","CYCLE_2001_Philadelphia","67301"
"2001243545","1","","","","","","","","","","","","","","","","","","","","U","U","N","U","2001","67","CYCLE_2001_Philadelphia","67301"
"2001243570","1","U","U","U","U","9","U","U","U","U","01340","U","U","9","U","U","U","U","Y","U","","","","","2001","67","CYCLE_2001_Philadelphia","67301"
"2001243571","1","U","U","U","U","9","U","U","U","U","00750","","","","","","","","N","U","","","","","2001","67","CYCLE_2001_Philadelphia","67301"
"2001243572","2","","","","","","","","","","","","","","","","","","","","U","U","N","U","2001","67","CYCLE_2001_Philadelphia","67301"
"2001243575","2","","","","","","","","","","","","","","","","","","","","U","U","Y","U","2001","67","CYCLE_2001_Philadelphia","67301"
"2001243586","2","","","","","","","","","","","","","","","","","","","","U","U","N","U","2001","67","CYCLE_2001_Philadelphia","67301"
"2001243615","1","U","U","U","U","9","U","U","U","U","01099","","","","","","","","N","U","","","","","2001","67","CYCLE_2001_Philadelphia","67301"
"2001243621","2","","","","","","","","","","","","","","","","","","","","U","U","N","U","2001","67","CYCLE_2001_Philadelphia","67301"
"2001243639","2","","","","","","","","","","","","","","","","","","","","U","U","N","U","2001","67","CYCLE_2001_Philadelphia","67301"
"2001243640","1","U","U","U","U","9","U","U","U","U","01340","U","U","9","U","U","U","U","Y","U","","","","","2001","67","CYCLE_2001_Philadelphia","67301"
"2001243657","2","","","","","","","","","","","","","","","","","","","","U","U","N","U","2001","67","CYCLE_2001_Philadelphia","67301"
"2001243662","2","","","","","","","","","","","","","","","","","","","","U","U","N","U","2001","67","CYCLE_2001_Philadelphia","67301"
"2001243668","2","","","","","","","","","","","","","","","","","","","","U","U","N","U","2001","67","CYCLE_2001_Philadelphia","67301"
"2001243672","2","","","","","","","","","","","","","","","","","","","","U","U","N","U","2001","67","CYCLE_2001_Philadelphia","67301"
"2001243678","1","","","","","","","","","","","","","","","","","","","","U","U","N","U","2001","67","CYCLE_2001_Philadelphia","67301"
"2001243688","2","U","U","U","U","9","U","U","U","U","00805","U","U","9","U","U","U","U","Y","U","","","","","2001","67","CYCLE_2001_Philadelphia","67301"
"2001243696","2","","","","","","","","","","","","","","","","","","","","U","U","N","U","2001","67","CYCLE_2001_Philadelphia","67301"
"2001243719","2","","","","","","","","","","","","","","","","","","","","U","U","N","U","2001","67","CYCLE_2001_Philadelphia","67301"
"2001243720","2","","","","","","","","","","","","","","","","","","","","U","U","N","U","2001","67","CYCLE_2001_Philadelphia","67301"
"2001243728","2","","","","","","","","","","","","","","","","","","","","U","U","N","U","2001","67","CYCLE_2001_Philadelphia","67301"
"2001244629","1","U","U","U","U","9","U","U","U","U","00749","","","","","","","","N","U","","","","","2001","67","CYCLE_2001_Philadelphia","67301"
"2001244655","2","","","","","","","","","","","","","","","","","","","","U","U","N","U","2001","67","CYCLE_2001_Philadelphia","67301"
"2001244656","2","U","U","U","U","9","U","U","U","U","00929","","","","","","","","N","U","","","","","2001","67","CYCLE_2001_Philadelphia","67301"
"2001244659","2","U","U","U","U","9","U","U","U","U","00599","","","","","","","","N","U","","","","","2001","67","CYCLE_2001_Philadelphia","67301"
"2001244669","2","","","","","","","","","","","","","","","","","","","","U","U","N","U","2001","67","CYCLE_2001_Philadelphia","67301"
"2001244677","2","","","","","","","","","","","","","","","","","","","","U","U","N","U","2001","67","CYCLE_2001_Philadelphia","67301"
"2001244681","2","","","","","","","","","","","","","","","","","","","","U","U","N","U","2001","67","CYCLE_2001_Philadelphia","67301"
"2001244686","1","U","U","U","U","9","U","U","U","U","00599","","","","","","","","N","U","","","","","2001","67","CYCLE_2001_Philadelphia","67301"
"2001244720","2","","","","","","","","","","","","","","","","","","","","U","U","N","U","2001","67","CYCLE_2001_Philadelphia","67301"
"2001244729","2","","","","","","","","","","","","","","","","","","","","U","U","N","U","2001","67","CYCLE_2001_Philadelphia","67301"
"2001244744","1","U","U","U","U","9","U","U","U","U","00000","","","","","","","","N","U","","","","","2001","67","CYCLE_2001_Philadelphia","67301"
"2001244749","2","","","","","","","","","","","","","","","","","","","","U","U","N","U","2001","67","CYCLE_2001_Philadelphia","67301"
"2001244755","1","U","U","U","U","9","U","U","U","U","00000","U","U","9","U","U","U","U","Y","U","","","","","2001","67","CYCLE_2001_Philadelphia","67301"
"2001244759","2","","","","","","","","","","","","","","","","","","","","U","U","N","U","2001","67","CYCLE_2001_Philadelphia","67301"
"2001244761","2","","","","","","","","","","","","","","","","","","","","U","U","N","U","2001","67","CYCLE_2001_Philadelphia","67301"
"2001244775","1","U","U","U","U","9","U","U","U","U","00747","","","","","","","","N","U","","","","","2001","67","CYCLE_2001_Philadelphia","67301"
"2001244842","2","","","","","","","","","","","","","","","","","","","","U","U","N","U","2001","67","CYCLE_2001_Philadelphia","67301"
"2001244850","1","","","","","","","","","","","","","","","","","","","","U","U","N","U","2001","67","CYCLE_2001_Philadelphia","67301"
"2001244855","2","","","","","","","","","","","","","","","","","","","","U","U","N","U","2001","67","CYCLE_2001_Philadelphia","67301"
"2001244860","1","","","","","","","","","","","","","","","","","","","","U","U","N","U","2001","67","CYCLE_2001_Philadelphia","67301"
"2001244874","2","","","","","","","","","","","","","","","","","","","","U","U","N","U","2001","67","CYCLE_2001_Philadelphia","67301"
"2001244878","1","","","","","","","","","","","","","","","","","","","","U","U","N","U","2001","67","CYCLE_2001_Philadelphia","67301"
"2001244882","2","","","","","","","","","","","","","","","","","","","","U","U","N","U","2001","67","CYCLE_2001_Philadelphia","67301"
"2001244886","1","","","","","","","","","","","","","","","","","","","","U","U","N","U","2001","67","CYCLE_2001_Philadelphia","67301"
"2001244912","2","","","","","","","","","","","","","","","","","","","","U","U","N","U","2001","67","CYCLE_2001_Philadelphia","67301"
"2001244913","2","","","","","","","","","","","","","","","","","","","","U","U","N","U","2001","67","CYCLE_2001_Philadelphia","67301"
"2001244914","2","","","","","","","","","","","","","","","","","","","","U","U","N","U","2001","67","CYCLE_2001_Philadelphia","67301"
"2001244918","2","U","U","U","U","9","U","U","U","U","00000","","","","","","","","N","U","","","","","2001","67","CYCLE_2001_Philadelphia","67301"
"2001244922","1","","","","","","","","","","","","","","","","","","","","U","U","N","U","2001","67","CYCLE_2001_Philadelphia","67301"
"2001244926","2","","","","","","","","","","","","","","","","","","","","U","U","N","U","2001","67","CYCLE_2001_Philadelphia","67301"
"2001244928","2","","","","","","","","","","","","","","","","","","","","U","U","N","U","2001","67","CYCLE_2001_Philadelphia","67301"
"2001245546","2","","","","","","","","","","","","","","","","","","","","U","U","N","U","2001","67","CYCLE_2001_Philadelphia","67301"
"2001283778","1","U","U","U","U","9","U","U","U","U","00900","","","","","","","","N","U","","","","","2001","67","CYCLE_2001_Philadelphia","67301"
"2001283851","2","U","U","U","U","9","U","U","U","U","00000","","","","","","","","N","U","","","","","2001","67","CYCLE_2001_Philadelphia","67301"
"2001287525","1","","","","","","","","","","","","","","","","","","","","U","U","N","U","2001","67","CYCLE_2001_Philadelphia","67301"
"2001288168","1","","","","","","","","","","","","","","","","","","","","U","U","N","U","2001","67","CYCLE_2001_Philadelphia","67301"
"2001288175","1","","","","","","","","","","","","","","","","","","","","U","U","N","U","2001","67","CYCLE_2001_Philadelphia","67301"
"2001288210","1","","","","","","","","","","","","","","","","","","","","U","U","N","U","2001","67","CYCLE_2001_Philadelphia","67301"
"2001288281","2","","","","","","","","","","","","","","","","","","","","U","U","N","U","2001","67","CYCLE_2001_Philadelphia","67301"
"2001288303","1","","","","","","","","","","","","","","","","","","","","U","U","N","U","2001","67","CYCLE_2001_Philadelphia","67301"
"2001288505","2","","","","","","","","","","","","","","","","","","","","U","U","N","U","2001","67","CYCLE_2001_Philadelphia","67301"
"2001288561","1","U","U","U","U","9","U","U","U","U","00000","U","U","9","U","U","U","U","Y","U","","","","","2001","67","CYCLE_2001_Philadelphia","67301"
"2001400298","1","U","U","U","U","9","U","U","U","U","00000","","","","","","","","N","U","","","","","2001","67","CYCLE_2001_Philadelphia","67301"
"2001400306","1","U","U","U","U","9","U","U","U","U","00000","","","","","","","","N","U","","","","","2001","67","CYCLE_2001_Philadelphia","67301"
"2001400381","1","U","U","U","U","9","U","U","U","U","01299","","","","","","","","N","U","","","","","2001","67","CYCLE_2001_Philadelphia","67301"
"2001400385","1","U","U","U","U","9","U","U","U","U","01299","","","","","","","","N","U","","","","","2001","67","CYCLE_2001_Philadelphia","67301"
"2001400416","2","U","U","U","U","9","U","U","U","U","00900","","","","","","","","N","U","","","","","2001","67","CYCLE_2001_Philadelphia","67301"
"2001400418","1","U","U","U","U","9","U","U","U","U","00600","","","","","","","","N","U","","","","","2001","67","CYCLE_2001_Philadelphia","67301"
"2001400475","1","U","U","U","U","9","U","U","U","U","01099","U","U","9","U","U","U","U","Y","U","","","","","2001","67","CYCLE_2001_Philadelphia","67301"
"2002010449","1","U","U","U","N","0","N","N","U","U","99999","","","","","","","","N","U","","","","","2001","67","CYCLE_2001_Philadelphia","67301"
"2002010460","2","","","","","","","","","","","","","","","","","","","","U","U","U","U","2001","67","CYCLE_2001_Philadelphia","67301"
"2002010467","2","","","","","","","","","","","","","","","","","","","","U","U","U","U","2001","67","CYCLE_2001_Philadelphia","67301"
"2001016768","1","U","U","U","U","9","U","U","U","U","00000","U","U","9","U","U","U","U","Y","U","","","","","2001","67","CYCLE_2001_Philadelphia","67301"
"2001016935","2","","","","","","","","","","","","","","","","","","","","U","U","U","U","2001","67","CYCLE_2001_Philadelphia","67301"
"2001016964","2","","","","","","","","","","","","","","","","","","","","U","U","U","U","2001","67","CYCLE_2001_Philadelphia","67301"
"2001016986","1","","","","","","","","","","","","","","","","","","","","U","U","U","U","2001","67","CYCLE_2001_Philadelphia","67301"
"2001018239","2","U","U","U","U","9","U","U","U","U","00000","U","U","9","U","U","U","U","U","U","","","","","2001","67","CYCLE_2001_Philadelphia","67301"
"2001019279","1","U","U","U","Y","9","U","U","U","U","00000","U","Y","9","U","U","U","U","Y","U","","","","","2001","67","CYCLE_2001_Philadelphia","67301"
"2001019510","2","","","","","","","","","","","","","","","","","","","","U","U","U","U","2001","67","CYCLE_2001_Philadelphia","67301"
"2001019547","2","","","","","","","","","","","","","","","","","","","","U","U","U","U","2001","67","CYCLE_2001_Philadelphia","67301"
"2001019550","1","","","","","","","","","","","","","","","","","","","","U","U","U","U","2001","67","CYCLE_2001_Philadelphia","67301"
"2001019558","1","","","","","","","","","","","","","","","","","","","","U","U","U","U","2001","67","CYCLE_2001_Philadelphia","67301"
"2001019575","2","","","","","","","","","","","","","","","","","","","","U","U","U","U","2001","67","CYCLE_2001_Philadelphia","67301"
"2001019577","2","U","U","U","Y","9","U","U","U","U","00000","U","U","9","U","U","U","U","U","U","","","","","2001","67","CYCLE_2001_Philadelphia","67301"
"2001019598","2","","","","","","","","","","","","","","","","","","","","U","U","U","U","2001","67","CYCLE_2001_Philadelphia","67301"
"2001019604","2","","","","","","","","","","","","","","","","","","","","U","U","U","U","2001","67","CYCLE_2001_Philadelphia","67301"
"2001019627","2","","","","","","","","","","","","","","","","","","","","U","U","U","U","2001","67","CYCLE_2001_Philadelphia","67301"
"2001019638","2","","","","","","","","","","","","","","","","","","","","U","U","U","U","2001","67","CYCLE_2001_Philadelphia","67301"
"2001019644","1","U","U","U","U","9","U","U","U","U","00000","U","U","9","U","U","U","U","U","U","","","","","2001","67","CYCLE_2001_Philadelphia","67301"
"2001200910","1","U","U","U","U","9","U","U","U","U","00000","","","","","","","","N","U","","","","","2001","67","CYCLE_2001_Philadelphia","67301"
"2001008619","2","U","U","U","U","9","U","U","U","U","00000","U","U","9","U","U","U","U","U","U","","","","","2001","67","CYCLE_2001_Philadelphia","67301"
"2001008650","2","U","U","U","Y","9","U","U","U","U","00000","U","U","9","U","U","U","U","U","U","","","","","2001","67","CYCLE_2001_Philadelphia","67301"
"2001008665","1","U","U","U","U","9","U","U","U","U","00000","U","U","9","U","U","U","U","U","U","","","","","2001","67","CYCLE_2001_Philadelphia","67301"
"2001008785","2","","","","","","","","","","","","","","","","","","","","U","U","U","U","2001","67","CYCLE_2001_Philadelphia","67301"
"2001265467","1","U","U","U","U","9","U","U","U","U","00000","","","","","","","","N","U","","","","","2001","67","CYCLE_2001_Philadelphia","67301"
"2001265472","2","","","","","","","","","","","","","","","","","","","","U","U","N","U","2001","67","CYCLE_2001_Philadelphia","67301"
"2001265475","2","","","","","","","","","","","","","","","","","","","","U","U","N","U","2001","67","CYCLE_2001_Philadelphia","67301"
"2001265478","1","","","","","","","","","","","","","","","","","","","","U","U","N","U","2001","67","CYCLE_2001_Philadelphia","67301"
"2001265481","1","","","","","","","","","","","","","","","","","","","","U","U","N","U","2001","67","CYCLE_2001_Philadelphia","67301"
"2001265482","2","","","","","","","","","","","","","","","","","","","","U","U","N","U","2001","67","CYCLE_2001_Philadelphia","67301"
"2001231094","2","","","","","","","","","","","","","","","","","","","","U","U","N","U","2001","67","CYCLE_2001_Philadelphia","67301"
"2001231209","2","","","","","","","","","","","","","","","","","","","","U","U","N","U","2001","67","CYCLE_2001_Philadelphia","67301"
"2001231228","2","","","","","","","","","","","","","","","","","","","","U","U","N","U","2001","67","CYCLE_2001_Philadelphia","67301"
"2001231657","2","","","","","","","","","","","","","","","","","","","","U","U","N","U","2001","67","CYCLE_2001_Philadelphia","67301"
"2001233042","2","","","","","","","","","","","","","","","","","","","","U","U","N","U","2001","67","CYCLE_2001_Philadelphia","67301"
"2001233076","2","","","","","","","","","","","","","","","","","","","","U","U","N","U","2001","67","CYCLE_2001_Philadelphia","67301"
"2001233092","2","","","","","","","","","","","","","","","","","","","","U","U","N","U","2001","67","CYCLE_2001_Philadelphia","67301"
"2001233110","2","","","","","","","","","","","","","","","","","","","","U","U","N","U","2001","67","CYCLE_2001_Philadelphia","67301"
"2001233135","2","","","","","","","","","","","","","","","","","","","","U","U","N","U","2001","67","CYCLE_2001_Philadelphia","67301"
"2001233140","1","U","U","U","U","9","U","U","U","U","01299","","","","","","","","N","U","","","","","2001","67","CYCLE_2001_Philadelphia","67301"
"2001233145","2","","","","","","","","","","","","","","","","","","","","U","U","N","U","2001","67","CYCLE_2001_Philadelphia","67301"
"2001233224","2","","","","","","","","","","","","","","","","","","","","U","U","N","U","2001","67","CYCLE_2001_Philadelphia","67301"
"2001233235","1","U","U","U","U","9","U","U","U","U","00700","","","","","","","","N","U","","","","","2001","67","CYCLE_2001_Philadelphia","67301"
"2001233254","2","","","","","","","","","","","","","","","","","","","","U","U","N","U","2001","67","CYCLE_2001_Philadelphia","67301"
"2001233262","1","U","U","U","U","9","U","U","U","U","00996","","","","","","","","N","U","","","","","2001","67","CYCLE_2001_Philadelphia","67301"
"2001233266","2","","","","","","","","","","","","","","","","","","","","U","U","N","U","2001","67","CYCLE_2001_Philadelphia","67301"
"2001233325","2","","","","","","","","","","","","","","","","","","","","U","U","N","U","2001","67","CYCLE_2001_Philadelphia","67301"
"2001233397","1","U","U","U","U","9","U","U","U","U","01200","","","","","","","","N","U","","","","","2001","67","CYCLE_2001_Philadelphia","67301"
"2001233450","2","","","","","","","","","","","","","","","","","","","","U","U","N","U","2001","67","CYCLE_2001_Philadelphia","67301"
"2001233451","1","U","U","U","U","9","U","U","U","U","00900","","","","","","","","N","U","","","","","2001","67","CYCLE_2001_Philadelphia","67301"
"2001233509","2","","","","","","","","","","","","","","","","","","","","U","U","N","U","2001","67","CYCLE_2001_Philadelphia","67301"
"2001234141","1","U","U","U","U","9","U","U","U","U","00599","","","","","","","","N","U","","","","","2001","67","CYCLE_2001_Philadelphia","67301"
"2001234533","1","U","U","U","U","9","U","U","U","U","00000","","","","","","","","N","U","","","","","2001","67","CYCLE_2001_Philadelphia","67301"
"2001010294","2","","","","","","","","","","","","","","","","","","","","U","U","U","U","2001","67","CYCLE_2001_Philadelphia","67301"
"2001010295","1","","","","","","","","","","","","","","","","","","","","U","U","U","U","2001","67","CYCLE_2001_Philadelphia","67301"
"2001010313","2","","","","","","","","","","","","","","","","","","","","U","U","U","U","2001","67","CYCLE_2001_Philadelphia","67301"
"2001283550","2","","","","","","","","","","","","","","","","","","","","U","U","N","U","2001","67","CYCLE_2001_Philadelphia","67301"
"2002023611","2","","","","","","","","","","","","","","","","","","","","U","U","U","U","2001","67","CYCLE_2001_Philadelphia","67301"
"2002023637","2","","","","","","","","","","","","","","","","","","","","U","U","Y","U","2001","67","CYCLE_2001_Philadelphia","67301"
"2002023684","1","","","","","","","","","","","","","","","","","","","","U","U","U","U","2001","67","CYCLE_2001_Philadelphia","67301"
"2002023691","1","U","U","U","U","9","U","U","U","U","00000","U","U","9","U","U","U","U","U","U","","","","","2001","67","CYCLE_2001_Philadelphia","67301"
"2002023693","1","U","U","U","U","9","U","U","U","U","00000","U","U","9","U","U","U","U","U","U","","","","","2001","67","CYCLE_2001_Philadelphia","67301"
"2002023896","1","U","U","U","U","9","U","U","U","U","00000","U","U","9","U","U","U","U","U","U","","","","","2001","67","CYCLE_2001_Philadelphia","67301"
"2002023925","2","","","","","","","","","","","","","","","","","","","","U","U","U","U","2001","67","CYCLE_2001_Philadelphia","67301"
"2002024048","1","U","U","U","U","9","U","U","U","U","99999","","","","","","","","N","U","","","","","2001","67","CYCLE_2001_Philadelphia","67301"
"2002024048","2","U","U","U","U","9","U","U","U","U","99999","","","","","","","","N","U","","","","","2001","67","CYCLE_2001_Philadelphia","67301"
"2002025034","1","U","U","U","U","9","U","U","U","U","00000","U","U","9","U","U","U","U","U","U","","","","","2001","67","CYCLE_2001_Philadelphia","67301"
"2002025037","2","","","","","","","","","","","","","","","","","","","","U","U","U","U","2001","67","CYCLE_2001_Philadelphia","67301"
"2002025041","1","","","","","","","","","","","","","","","","","","","","U","Y","U","U","2001","67","CYCLE_2001_Philadelphia","67301"
"2002025049","2","","","","","","","","","","","","","","","","","","","","U","U","U","U","2001","67","CYCLE_2001_Philadelphia","67301"
"2002025062","2","","","","","","","","","","","","","","","","","","","","U","U","U","U","2001","67","CYCLE_2001_Philadelphia","67301"
"2002025166","1","U","U","U","U","9","U","U","U","U","00000","U","U","9","U","U","U","U","Y","U","","","","","2001","67","CYCLE_2001_Philadelphia","67301"
"2002025170","2","","","","","","","","","","","","","","","","","","","","U","U","U","U","2001","67","CYCLE_2001_Philadelphia","67301"
"2002025177","1","U","U","U","U","9","U","U","U","U","00000","U","U","9","U","U","U","U","U","U","","","","","2001","67","CYCLE_2001_Philadelphia","67301"
"2002025179","2","U","U","U","U","9","U","U","U","U","00000","U","U","9","U","U","U","U","U","U","","","","","2001","67","CYCLE_2001_Philadelphia","67301"
"2002026294","1","","","","","","","","","","","","","","","","","","","","U","U","U","U","2001","67","CYCLE_2001_Philadelphia","67301"
"2002026295","2","U","U","U","Y","9","U","U","U","U","00000","U","U","9","U","U","U","U","U","U","","","","","2001","67","CYCLE_2001_Philadelphia","67301"
"2002026320","1","","","","","","","","","","","","","","","","","","","","U","U","U","U","2001","67","CYCLE_2001_Philadelphia","67301"
"2002026324","3","","","","","","","","","","","","","","","","","","","","U","U","U","U","2001","67","CYCLE_2001_Philadelphia","67301"
"2002026334","2","U","U","U","U","9","U","U","U","U","00000","U","U","9","U","U","U","U","U","U","","","","","2001","67","CYCLE_2001_Philadelphia","67301"
"2002026367","1","U","U","U","U","9","U","U","U","U","00000","U","U","9","U","U","U","U","U","U","","","","","2001","67","CYCLE_2001_Philadelphia","67301"
"2002026467","2","","","","","","","","","","","","","","","","","","","","U","U","U","U","2001","67","CYCLE_2001_Philadelphia","67301"
"2002026478","2","","","","","","","","","","","","","","","","","","","","U","U","U","U","2001","67","CYCLE_2001_Philadelphia","67301"
"2002026489","1","U","U","U","U","9","U","U","U","U","00000","U","U","9","U","U","U","U","U","U","","","","","2001","67","CYCLE_2001_Philadelphia","67301"
"2002026492","1","U","U","U","U","9","U","U","U","U","00000","U","U","9","U","U","U","U","U","U","","","","","2001","67","CYCLE_2001_Philadelphia","67301"
"2002026540","2","","","","","","","","","","","","","","","","","","","","U","U","U","U","2001","67","CYCLE_2001_Philadelphia","67301"
"2002026581","2","","","","","","","","","","","","","","","","","","","","U","U","U","U","2001","67","CYCLE_2001_Philadelphia","67301"
"2002026633","2","","","","","","","","","","","","","","","","","","","","U","U","U","U","2001","67","CYCLE_2001_Philadelphia","67301"
"2002026637","2","","","","","","","","","","","","","","","","","","","","U","U","U","U","2001","67","CYCLE_2001_Philadelphia","67301"
"2002026651","1","","","","","","","","","","","","","","","","","","","","U","U","U","U","2001","67","CYCLE_2001_Philadelphia","67301"
"2002026674","1","U","U","U","U","9","U","U","U","U","00000","U","U","9","U","U","U","U","U","U","","","","","2001","67","CYCLE_2001_Philadelphia","67301"
"2002027372","2","","","","","","","","","","","","","","","","","","","","U","Y","U","U","2001","67","CYCLE_2001_Philadelphia","67301"
"2002027526","1","","","","","","","","","","","","","","","","","","","","U","U","U","U","2001","67","CYCLE_2001_Philadelphia","67301"
"2002027879","2","","","","","","","","","","","","","","","","","","","","U","U","Y","U","2001","67","CYCLE_2001_Philadelphia","67301"
"2002028081","5","U","U","U","U","9","U","U","U","U","00000","U","U","9","U","U","U","U","U","U","","","","","2001","67","CYCLE_2001_Philadelphia","67301"
"2002028090","1","U","U","U","U","9","U","U","U","U","00000","U","U","9","U","U","U","U","U","U","","","","","2001","67","CYCLE_2001_Philadelphia","67301"
"2002028097","1","U","U","U","U","9","U","U","U","U","00000","U","U","9","U","U","U","U","Y","U","","","","","2001","67","CYCLE_2001_Philadelphia","67301"
"2002028471","2","","","","","","","","","","","","","","","","","","","","U","U","U","U","2001","67","CYCLE_2001_Philadelphia","67301"
"2002028473","2","","","","","","","","","","","","","","","","","","","","U","U","U","U","2001","67","CYCLE_2001_Philadelphia","67301"
"2002028516","1","U","U","U","U","9","U","U","U","U","00000","U","U","9","U","U","U","U","U","U","","","","","2001","67","CYCLE_2001_Philadelphia","67301"
"2002028535","1","U","U","U","Y","9","U","U","U","U","00000","U","U","9","U","U","U","U","U","U","","","","","2001","67","CYCLE_2001_Philadelphia","67301"
"2002028540","2","","","","","","","","","","","","","","","","","","","","U","U","U","U","2001","67","CYCLE_2001_Philadelphia","67301"
"2002028575","1","U","U","U","U","9","U","U","U","U","00000","U","U","9","U","U","U","U","U","U","","","","","2001","67","CYCLE_2001_Philadelphia","67301"
"2002028671","2","","","","","","","","","","","","","","","","","","","","U","U","U","U","2001","67","CYCLE_2001_Philadelphia","67301"
"2002028680","2","","","","","","","","","","","","","","","","","","","","U","U","U","U","2001","67","CYCLE_2001_Philadelphia","67301"
"2002028694","2","U","U","U","Y","9","U","U","U","U","00000","U","U","9","U","U","U","U","U","U","","","","","2001","67","CYCLE_2001_Philadelphia","67301"
"2002028700","2","U","U","U","U","9","U","U","U","U","00000","U","U","9","U","U","U","U","U","U","","","","","2001","67","CYCLE_2001_Philadelphia","67301"
"2002029156","2","U","U","U","U","9","U","U","U","U","00000","U","U","9","U","U","U","U","U","U","","","","","2001","67","CYCLE_2001_Philadelphia","67301"
"2001236842","2","","","","","","","","","","","","","","","","","","","","U","U","N","U","2001","67","CYCLE_2001_Philadelphia","67301"
"2001237055","1","U","U","U","U","9","U","U","U","U","00000","","","","","","","","N","U","","","","","2001","67","CYCLE_2001_Philadelphia","67301"
"2001238053","2","","","","","","","","","","","","","","","","","","","","U","U","N","U","2001","67","CYCLE_2001_Philadelphia","67301"
"2001238072","2","","","","","","","","","","","","","","","","","","","","U","U","N","U","2001","67","CYCLE_2001_Philadelphia","67301"
"2001238084","2","","","","","","","","","","","","","","","","","","","","U","U","N","U","2001","67","CYCLE_2001_Philadelphia","67301"
"2001238119","2","","","","","","","","","","","","","","","","","","","","U","U","N","U","2001","67","CYCLE_2001_Philadelphia","67301"
"2001238168","2","","","","","","","","","","","","","","","","","","","","U","U","N","U","2001","67","CYCLE_2001_Philadelphia","67301"
"2001238173","2","","","","","","","","","","","","","","","","","","","","U","U","N","U","2001","67","CYCLE_2001_Philadelphia","67301"
"2001238191","2","","","","","","","","","","","","","","","","","","","","U","U","N","U","2001","67","CYCLE_2001_Philadelphia","67301"
"2001238221","2","","","","","","","","","","","","","","","","","","","","U","U","N","U","2001","67","CYCLE_2001_Philadelphia","67301"
"2001238227","2","","","","","","","","","","","","","","","","","","","","U","U","N","U","2001","67","CYCLE_2001_Philadelphia","67301"
"2001238228","2","U","U","U","U","9","U","U","U","U","00079","","","","","","","","N","U","","","","","2001","67","CYCLE_2001_Philadelphia","67301"
"2001238238","2","U","U","U","U","9","U","U","U","U","00600","U","U","9","U","U","U","U","Y","U","","","","","2001","67","CYCLE_2001_Philadelphia","67301"
"2001238286","2","","","","","","","","","","","","","","","","","","","","U","U","N","U","2001","67","CYCLE_2001_Philadelphia","67301"
"2001238861","1","","","","","","","","","","","","","","","","","","","","U","U","N","U","2001","67","CYCLE_2001_Philadelphia","67301"
"2001238863","2","","","","","","","","","","","","","","","","","","","","U","U","N","U","2001","67","CYCLE_2001_Philadelphia","67301"
"2001238929","1","U","U","U","U","9","U","U","U","U","00749","","","","","","","","N","U","","","","","2001","67","CYCLE_2001_Philadelphia","67301"
"2001238954","2","U","U","U","U","9","U","U","U","U","01520","","","","","","","","N","U","","","","","2001","67","CYCLE_2001_Philadelphia","67301"
"2001238967","2","","","","","","","","","","","","","","","","","","","","U","U","N","U","2001","67","CYCLE_2001_Philadelphia","67301"
"2001238980","1","U","U","U","U","9","U","U","U","U","00599","","","","","","","","N","U","","","","","2001","67","CYCLE_2001_Philadelphia","67301"
"2001238982","1","","","","","","","","","","","","","","","","","","","","U","U","N","U","2001","67","CYCLE_2001_Philadelphia","67301"
"2001238983","1","U","U","U","U","9","U","U","U","U","00000","","","","","","","","N","U","","","","","2001","67","CYCLE_2001_Philadelphia","67301"
"2001238997","1","U","U","U","U","9","U","U","U","U","00000","U","U","9","U","U","U","U","Y","U","","","","","2001","67","CYCLE_2001_Philadelphia","67301"
"2001239000","2","","","","","","","","","","","","","","","","","","","","U","U","N","U","2001","67","CYCLE_2001_Philadelphia","67301"
"2001239031","2","U","U","U","U","9","U","U","U","U","00000","","","","","","","","N","U","","","","","2001","67","CYCLE_2001_Philadelphia","67301"
"2001239035","2","","","","","","","","","","","","","","","","","","","","U","U","N","U","2001","67","CYCLE_2001_Philadelphia","67301"
"2001239046","2","","","","","","","","","","","","","","","","","","","","U","U","N","U","2001","67","CYCLE_2001_Philadelphia","67301"
"2001239051","1","U","U","U","U","9","U","U","U","U","01299","","","","","","","","N","U","","","","","2001","67","CYCLE_2001_Philadelphia","67301"
"2001239062","2","","","","","","","","","","","","","","","","","","","","U","U","N","U","2001","67","CYCLE_2001_Philadelphia","67301"
"2001239073","2","","","","","","","","","","","","","","","","","","","","U","U","N","U","2001","67","CYCLE_2001_Philadelphia","67301"
"2001239084","2","","","","","","","","","","","","","","","","","","","","U","U","N","U","2001","67","CYCLE_2001_Philadelphia","67301"
"2001239089","1","","","","","","","","","","","","","","","","","","","","U","U","N","U","2001","67","CYCLE_2001_Philadelphia","67301"
"2001239097","2","U","U","U","U","9","U","U","U","U","00599","","","","","","","","N","U","","","","","2001","67","CYCLE_2001_Philadelphia","67301"
"2001239097","3","U","U","U","U","9","U","U","U","U","00600","","","","","","","","N","U","","","","","2001","67","CYCLE_2001_Philadelphia","67301"
"2001239098","2","U","U","U","U","9","U","U","U","U","00599","","","","","","","","N","U","","","","","2001","67","CYCLE_2001_Philadelphia","67301"
"2001239106","2","","","","","","","","","","","","","","","","","","","","U","U","N","U","2001","67","CYCLE_2001_Philadelphia","67301"
"2001239112","1","","","","","","","","","","","","","","","","","","","","U","U","N","U","2001","67","CYCLE_2001_Philadelphia","67301"
"2001239120","2","","","","","","","","","","","","","","","","","","","","U","U","N","U","2001","67","CYCLE_2001_Philadelphia","67301"
"2001239129","1","U","U","U","U","9","U","U","U","U","00000","","","","","","","","N","U","","","","","2001","67","CYCLE_2001_Philadelphia","67301"
"2001239130","2","","","","","","","","","","","","","","","","","","","","U","U","N","U","2001","67","CYCLE_2001_Philadelphia","67301"
"2001239146","2","","","","","","","","","","","","","","","","","","","","U","U","N","U","2001","67","CYCLE_2001_Philadelphia","67301"
"2002045859","1","U","U","U","U","9","U","U","U","U","00000","U","U","9","U","U","U","U","U","U","","","","","2001","67","CYCLE_2001_Philadelphia","67301"
"2002045872","1","U","U","U","U","9","U","U","U","U","00000","U","U","9","U","U","U","U","U","U","","","","","2001","67","CYCLE_2001_Philadelphia","67301"
"2002045899","1","","","","","","","","","","","","","","","","","","","","U","U","U","U","2001","67","CYCLE_2001_Philadelphia","67301"
"2002045926","2","U","U","U","U","9","U","U","U","U","00000","U","U","9","U","U","U","U","U","U","","","","","2001","67","CYCLE_2001_Philadelphia","67301"
"2002046259","1","U","U","U","U","9","U","U","U","U","00000","U","U","9","U","U","U","U","U","U","","","","","2001","67","CYCLE_2001_Philadelphia","67301"
"2002046264","2","","","","","","","","","","","","","","","","","","","","U","U","U","U","2001","67","CYCLE_2001_Philadelphia","67301"
"2002046291","1","U","U","U","U","9","U","U","U","U","00000","U","U","9","U","U","U","U","Y","U","","","","","2001","67","CYCLE_2001_Philadelphia","67301"
"2002046326","2","","","","","","","","","","","","","","","","","","","","U","U","U","U","2001","67","CYCLE_2001_Philadelphia","67301"
"2002046745","1","U","U","U","U","9","U","U","U","U","00000","U","U","9","U","U","U","U","U","U","","","","","2001","67","CYCLE_2001_Philadelphia","67301"
"2002035771","1","U","U","U","U","9","U","U","U","U","00000","U","U","9","U","U","U","U","U","U","","","","","2001","67","CYCLE_2001_Philadelphia","67301"
"2002035974","2","","","","","","","","","","","","","","","","","","","","U","U","U","U","2001","67","CYCLE_2001_Philadelphia","67301"
"2002035998","2","U","U","U","U","9","U","U","U","U","00000","U","U","9","U","U","U","U","U","U","","","","","2001","67","CYCLE_2001_Philadelphia","67301"
"2002036045","1","","","","","","","","","","","","","","","","","","","","U","U","U","U","2001","67","CYCLE_2001_Philadelphia","67301"
"2002036050","2","","","","","","","","","","","","","","","","","","","","U","U","U","U","2001","67","CYCLE_2001_Philadelphia","67301"
"2002036383","1","U","U","U","U","9","U","U","U","U","00000","U","U","9","U","U","U","U","U","U","","","","","2001","67","CYCLE_2001_Philadelphia","67301"
"2002037096","1","U","U","U","U","9","U","U","U","U","00000","U","U","9","U","U","U","U","U","U","","","","","2001","67","CYCLE_2001_Philadelphia","67301"
"2002037170","1","U","U","U","U","9","U","U","U","U","00000","U","U","9","U","U","U","U","U","U","","","","","2001","67","CYCLE_2001_Philadelphia","67301"
"2002037293","2","","","","","","","","","","","","","","","","","","","","U","U","U","U","2001","67","CYCLE_2001_Philadelphia","67301"
"2002037295","2","U","U","U","U","9","U","U","U","U","00000","U","U","9","U","U","U","U","U","U","","","","","2001","67","CYCLE_2001_Philadelphia","67301"
"2002037347","1","U","U","U","U","9","U","U","U","U","00000","U","U","9","U","U","U","U","U","U","","","","","2001","67","CYCLE_2001_Philadelphia","67301"
"2002037673","1","","","","","","","","","","","","","","","","","","","","U","U","U","U","2001","67","CYCLE_2001_Philadelphia","67301"
"2002037863","2","","","","","","","","","","","","","","","","","","","","U","U","U","U","2001","67","CYCLE_2001_Philadelphia","67301"
"2002037978","2","U","U","U","Y","9","U","U","U","U","00000","U","U","9","U","U","U","U","U","U","","","","","2001","67","CYCLE_2001_Philadelphia","67301"
"2002038311","2","U","U","U","U","9","U","U","U","U","00000","U","U","9","U","U","U","U","U","U","","","","","2001","67","CYCLE_2001_Philadelphia","67301"
"2002038796","1","U","U","U","U","9","U","U","U","U","00000","U","U","9","U","U","U","U","U","U","","","","","2001","67","CYCLE_2001_Philadelphia","67301"
"2002039345","1","U","U","U","U","9","U","U","U","U","00000","U","U","9","U","U","U","U","U","U","","","","","2001","67","CYCLE_2001_Philadelphia","67301"
"2002039365","2","","","","","","","","","","","","","","","","","","","","U","Y","U","U","2001","67","CYCLE_2001_Philadelphia","67301"
"2002039382","1","U","U","U","U","9","U","U","U","U","00000","U","U","9","U","U","U","U","Y","U","","","","","2001","67","CYCLE_2001_Philadelphia","67301"
"2002039387","1","U","U","U","U","9","U","U","U","U","00000","U","U","9","U","U","U","U","U","U","","","","","2001","67","CYCLE_2001_Philadelphia","67301"
"2002039515","1","U","U","U","U","9","U","U","U","U","00000","U","U","9","U","U","U","U","U","U","","","","","2001","67","CYCLE_2001_Philadelphia","67301"
"2002039616","2","","","","","","","","","","","","","","","","","","","","U","U","U","U","2001","67","CYCLE_2001_Philadelphia","67301"
"2002040109","2","","","","","","","","","","","","","","","","","","","","U","U","U","U","2001","67","CYCLE_2001_Philadelphia","67301"
"2002040426","2","U","U","U","Y","9","U","U","U","U","00000","U","U","9","U","U","U","U","U","U","","","","","2001","67","CYCLE_2001_Philadelphia","67301"
"2002041344","2","","","","","","","","","","","","","","","","","","","","U","U","U","U","2001","67","CYCLE_2001_Philadelphia","67301"
"2002041350","2","","","","","","","","","","","","","","","","","","","","U","U","U","U","2001","67","CYCLE_2001_Philadelphia","67301"
"2002041373","2","","","","","","","","","","","","","","","","","","","","U","U","U","U","2001","67","CYCLE_2001_Philadelphia","67301"
"2002041438","2","","","","","","","","","","","","","","","","","","","","U","U","U","U","2001","67","CYCLE_2001_Philadelphia","67301"
"2002041563","2","","","","","","","","","","","","","","","","","","","","U","U","U","U","2001","67","CYCLE_2001_Philadelphia","67301"
"2002041953","2","","","","","","","","","","","","","","","","","","","","U","U","U","U","2001","67","CYCLE_2001_Philadelphia","67301"
"2002042084","1","","","","","","","","","","","","","","","","","","","","U","U","U","U","2001","67","CYCLE_2001_Philadelphia","67301"
"2002042596","1","U","U","U","Y","9","U","U","U","U","00000","U","U","9","U","U","U","U","U","U","","","","","2001","67","CYCLE_2001_Philadelphia","67301"
"2001009006","1","U","U","U","U","9","U","U","U","U","00000","U","U","9","U","U","U","U","U","U","","","","","2001","67","CYCLE_2001_Philadelphia","67301"
"2001009115","1","","","","","","","","","","","","","","","","","","","","U","U","U","U","2001","67","CYCLE_2001_Philadelphia","67301"
"2001009254","2","","","","","","","","","","","","","","","","","","","","U","U","U","U","2001","67","CYCLE_2001_Philadelphia","67301"
"2001248776","1","","","","","","","","","","","","","","","","","","","","U","U","N","U","2001","67","CYCLE_2001_Philadelphia","67301"
"2001248778","2","","","","","","","","","","","","","","","","","","","","U","U","N","U","2001","67","CYCLE_2001_Philadelphia","67301"
"2001248787","2","U","U","U","U","9","U","U","U","U","00919","","","","","","","","N","U","","","","","2001","67","CYCLE_2001_Philadelphia","67301"
"2001248791","1","","","","","","","","","","","","","","","","","","","","U","U","N","U","2001","67","CYCLE_2001_Philadelphia","67301"
"2001248792","2","","","","","","","","","","","","","","","","","","","","U","U","N","U","2001","67","CYCLE_2001_Philadelphia","67301"
"2001248816","2","U","U","U","U","9","U","U","U","U","01520","U","U","9","U","U","U","U","Y","U","","","","","2001","67","CYCLE_2001_Philadelphia","67301"
"2001248838","2","","","","","","","","","","","","","","","","","","","","U","U","N","U","2001","67","CYCLE_2001_Philadelphia","67301"
"2001249065","2","","","","","","","","","","","","","","","","","","","","U","U","N","U","2001","67","CYCLE_2001_Philadelphia","67301"
"2001249067","2","","","","","","","","","","","","","","","","","","","","U","U","N","U","2001","67","CYCLE_2001_Philadelphia","67301"
"2001249418","2","U","U","U","U","9","U","U","U","U","00249","","","","","","","","N","U","","","","","2001","67","CYCLE_2001_Philadelphia","67301"
"2001016711","2","","","","","","","","","","","","","","","","","","","","U","Y","U","U","2001","67","CYCLE_2001_Philadelphia","67301"
"2001016711","3","","","","","","","","","","","","","","","","","","","","U","Y","U","U","2001","67","CYCLE_2001_Philadelphia","67301"
"2001016711","4","","","","","","","","","","","","","","","","","","","","U","Y","U","U","2001","67","CYCLE_2001_Philadelphia","67301"
"2001016714","2","","","","","","","","","","","","","","","","","","","","U","U","U","U","2001","67","CYCLE_2001_Philadelphia","67301"
"2001016726","2","","","","","","","","","","","","","","","","","","","","U","U","U","U","2001","67","CYCLE_2001_Philadelphia","67301"
"2001016730","1","","","","","","","","","","","","","","","","","","","","U","U","U","U","2001","67","CYCLE_2001_Philadelphia","67301"
"2001016737","2","","","","","","","","","","","","","","","","","","","","U","U","U","U","2001","67","CYCLE_2001_Philadelphia","67301"
"2001016748","2","","","","","","","","","","","","","","","","","","","","U","Y","U","U","2001","67","CYCLE_2001_Philadelphia","67301"
"2001014308","2","","","","","","","","","","","","","","","","","","","","U","U","U","U","2001","67","CYCLE_2001_Philadelphia","67301"
"2001249656","2","U","U","U","U","9","U","U","U","U","00600","","","","","","","","N","U","","","","","2001","67","CYCLE_2001_Philadelphia","67301"
"2001250501","2","U","U","U","U","9","U","U","U","U","00500","","","","","","","","N","U","","","","","2001","67","CYCLE_2001_Philadelphia","67301"
"2003025593","2","U","U","U","U","9","U","U","U","U","00000","U","U","9","U","U","U","U","Y","U","","","","","2001","67","CYCLE_2001_Philadelphia","67301"
"2001211359","1","U","U","U","U","9","U","U","U","U","00000","U","U","9","U","U","U","U","Y","U","","","","","2001","67","CYCLE_2001_Philadelphia","67301"
"2001211363","2","","","","","","","","","","","","","","","","","","","","U","U","N","U","2001","67","CYCLE_2001_Philadelphia","67301"
"2001211420","1","U","U","U","U","9","U","U","U","U","00000","","","","","","","","N","U","","","","","2001","67","CYCLE_2001_Philadelphia","67301"
"2001211500","1","","","","","","","","","","","","","","","","","","","","U","U","N","U","2001","67","CYCLE_2001_Philadelphia","67301"
"2001213148","2","","","","","","","","","","","","","","","","","","","","U","U","N","U","2001","67","CYCLE_2001_Philadelphia","67301"
"2001213176","2","","","","","","","","","","","","","","","","","","","","U","U","N","U","2001","67","CYCLE_2001_Philadelphia","67301"
"2001214243","2","","","","","","","","","","","","","","","","","","","","U","U","N","U","2001","67","CYCLE_2001_Philadelphia","67301"
"2001214344","1","U","U","U","U","9","U","U","U","U","00000","","","","","","","","N","U","","","","","2001","67","CYCLE_2001_Philadelphia","67301"
"2001215558","2","","","","","","","","","","","","","","","","","","","","U","U","N","U","2001","67","CYCLE_2001_Philadelphia","67301"
"2001215594","2","","","","","","","","","","","","","","","","","","","","U","U","N","U","2001","67","CYCLE_2001_Philadelphia","67301"
"2001215618","2","","","","","","","","","","","","","","","","","","","","U","U","N","U","2001","67","CYCLE_2001_Philadelphia","67301"
"2001215622","2","","","","","","","","","","","","","","","","","","","","U","U","N","U","2001","67","CYCLE_2001_Philadelphia","67301"
"2001215645","2","","","","","","","","","","","","","","","","","","","","U","U","N","U","2001","67","CYCLE_2001_Philadelphia","67301"
"2001215692","2","","","","","","","","","","","","","","","","","","","","U","U","N","U","2001","67","CYCLE_2001_Philadelphia","67301"
"2001216867","2","","","","","","","","","","","","","","","","","","","","U","U","N","U","2001","67","CYCLE_2001_Philadelphia","67301"
"2001216886","2","","","","","","","","","","","","","","","","","","","","U","U","N","U","2001","67","CYCLE_2001_Philadelphia","67301"
"2001216889","1","U","U","U","U","9","U","U","U","U","00000","","","","","","","","N","U","","","","","2001","67","CYCLE_2001_Philadelphia","67301"
"2001216918","2","","","","","","","","","","","","","","","","","","","","U","U","N","U","2001","67","CYCLE_2001_Philadelphia","67301"
"2001216962","2","","","","","","","","","","","","","","","","","","","","U","U","N","U","2001","67","CYCLE_2001_Philadelphia","67301"
"2002010516","2","","","","","","","","","","","","","","","","","","","","U","U","U","U","2001","67","CYCLE_2001_Philadelphia","67301"
"2002010518","2","U","U","U","U","9","U","U","U","U","00000","U","U","9","U","U","U","U","U","U","","","","","2001","67","CYCLE_2001_Philadelphia","67301"
"2002010524","2","","","","","","","","","","","","","","","","","","","","U","Y","U","U","2001","67","CYCLE_2001_Philadelphia","67301"
"2002010558","1","U","U","U","Y","9","U","U","U","U","00000","U","U","9","U","U","U","U","U","U","","","","","2001","67","CYCLE_2001_Philadelphia","67301"
"2002010746","1","","","","","","","","","","","","","","","","","","","","U","U","U","U","2001","67","CYCLE_2001_Philadelphia","67301"
"2002010834","2","","","","","","","","","","","","","","","","","","","","U","U","U","U","2001","67","CYCLE_2001_Philadelphia","67301"
"2002012084","2","U","U","U","Y","9","U","U","U","U","00000","U","U","9","U","U","U","U","U","U","","","","","2001","67","CYCLE_2001_Philadelphia","67301"
"2002012086","1","U","U","U","U","9","U","U","U","U","00000","U","U","9","U","U","U","U","U","U","","","","","2001","67","CYCLE_2001_Philadelphia","67301"
"2002012134","2","","","","","","","","","","","","","","","","","","","","U","U","U","U","2001","67","CYCLE_2001_Philadelphia","67301"
"2002012153","2","","","","","","","","","","","","","","","","","","","","U","U","U","U","2001","67","CYCLE_2001_Philadelphia","67301"
"2002012161","2","U","U","U","U","9","U","U","U","U","00000","U","U","9","U","U","U","U","U","U","","","","","2001","67","CYCLE_2001_Philadelphia","67301"
"2002012192","1","U","U","U","Y","9","U","U","U","U","00000","U","U","9","U","U","U","U","U","U","","","","","2001","67","CYCLE_2001_Philadelphia","67301"
"2002012233","2","","","","","","","","","","","","","","","","","","","","U","U","U","U","2001","67","CYCLE_2001_Philadelphia","67301"
"2002012239","1","U","U","U","U","9","U","U","U","U","00000","U","U","9","U","U","U","U","U","U","","","","","2001","67","CYCLE_2001_Philadelphia","67301"
"2002012656","2","U","U","U","U","9","U","U","U","U","00000","U","U","9","U","U","U","U","U","U","","","","","2001","67","CYCLE_2001_Philadelphia","67301"
"2002012660","2","","","","","","","","","","","","","","","","","","","","U","U","U","U","2001","67","CYCLE_2001_Philadelphia","67301"
"2002012716","2","","","","","","","","","","","","","","","","","","","","U","U","U","U","2001","67","CYCLE_2001_Philadelphia","67301"
"2002012730","2","","","","","","","","","","","","","","","","","","","","U","U","U","U","2001","67","CYCLE_2001_Philadelphia","67301"
"2002012783","1","U","U","U","Y","9","U","U","U","U","00000","U","U","9","U","U","U","U","U","U","","","","","2001","67","CYCLE_2001_Philadelphia","67301"
"2002013094","2","","","","","","","","","","","","","","","","","","","","U","U","U","U","2001","67","CYCLE_2001_Philadelphia","67301"
"2002013096","2","U","U","U","Y","9","U","U","U","U","00000","U","U","9","U","U","U","U","U","U","","","","","2001","67","CYCLE_2001_Philadelphia","67301"
"2002013100","2","","","","","","","","","","","","","","","","","","","","U","U","U","U","2001","67","CYCLE_2001_Philadelphia","67301"
"2002013102","2","","","","","","","","","","","","","","","","","","","","U","U","U","U","2001","67","CYCLE_2001_Philadelphia","67301"
"2002013175","2","","","","","","","","","","","","","","","","","","","","U","U","U","U","2001","67","CYCLE_2001_Philadelphia","67301"
"2002014228","2","","","","","","","","","","","","","","","","","","","","U","U","U","U","2001","67","CYCLE_2001_Philadelphia","67301"
"2001223769","1","U","U","U","U","9","U","U","U","U","00599","","","","","","","","N","U","","","","","2001","67","CYCLE_2001_Philadelphia","67301"
"2001223789","2","","","","","","","","","","","","","","","","","","","","U","U","N","U","2001","67","CYCLE_2001_Philadelphia","67301"
"2001223811","2","","","","","","","","","","","","","","","","","","","","U","U","N","U","2001","67","CYCLE_2001_Philadelphia","67301"
"2001223834","1","U","U","U","U","9","U","U","U","U","00600","","","","","","","","N","U","","","","","2001","67","CYCLE_2001_Philadelphia","67301"
"2001223839","2","","","","","","","","","","","","","","","","","","","","U","U","N","U","2001","67","CYCLE_2001_Philadelphia","67301"
"2001223852","2","","","","","","","","","","","","","","","","","","","","U","U","N","U","2001","67","CYCLE_2001_Philadelphia","67301"
"2001223856","2","","","","","","","","","","","","","","","","","","","","U","U","N","U","2001","67","CYCLE_2001_Philadelphia","67301"
"2001223936","2","","","","","","","","","","","","","","","","","","","","U","U","N","U","2001","67","CYCLE_2001_Philadelphia","67301"
"2001223940","2","","","","","","","","","","","","","","","","","","","","U","U","N","U","2001","67","CYCLE_2001_Philadelphia","67301"
"2001252105","1","U","U","U","U","9","U","U","U","U","00599","","","","","","","","N","U","","","","","2001","67","CYCLE_2001_Philadelphia","67301"
"2001400610","1","U","U","U","U","9","U","U","U","U","00749","","","","","","","","N","U","","","","","2001","67","CYCLE_2001_Philadelphia","67301"
"2001400613","1","U","U","U","U","9","U","U","U","U","00500","","","","","","","","N","U","","","","","2001","67","CYCLE_2001_Philadelphia","67301"
"2001400615","1","U","U","U","U","9","U","U","U","U","00600","","","","","","","","N","U","","","","","2001","67","CYCLE_2001_Philadelphia","67301"
"2001400616","1","U","U","U","U","9","U","U","U","U","00929","","","","","","","","N","U","","","","","2001","67","CYCLE_2001_Philadelphia","67301"
"2001400734","1","U","U","U","U","9","U","U","U","U","00600","","","","","","","","N","U","","","","","2001","67","CYCLE_2001_Philadelphia","67301"
"2001400742","1","U","U","U","U","9","U","U","U","U","00937","","","","","","","","N","U","","","","","2001","67","CYCLE_2001_Philadelphia","67301"
"2001400745","1","U","U","U","U","9","U","U","U","U","00600","","","","","","","","N","U","","","","","2001","67","CYCLE_2001_Philadelphia","67301"
"2001400996","1","U","U","U","U","9","U","U","U","U","00000","","","","","","","","N","U","","","","","2001","67","CYCLE_2001_Philadelphia","67301"
"2001400999","2","","","","","","","","","","","","","","","","","","","","U","U","N","U","2001","67","CYCLE_2001_Philadelphia","67301"
"2001401085","1","U","U","U","U","9","U","U","U","U","00250","","","","","","","","N","U","","","","","2001","67","CYCLE_2001_Philadelphia","67301"
"2001401367","1","U","U","U","U","9","U","U","U","U","00000","U","U","9","U","U","U","U","U","U","","","","","2001","67","CYCLE_2001_Philadelphia","67301"
"2001401405","2","","","","","","","","","","","","","","","","","","","","U","U","N","U","2001","67","CYCLE_2001_Philadelphia","67301"
"2001401414","1","U","U","U","U","9","U","U","U","U","00000","U","U","9","U","U","U","U","U","U","","","","","2001","67","CYCLE_2001_Philadelphia","67301"
"2001401415","2","","","","","","","","","","","","","","","","","","","","U","U","U","U","2001","67","CYCLE_2001_Philadelphia","67301"
"2002001043","2","","","","","","","","","","","","","","","","","","","","U","U","U","U","2001","67","CYCLE_2001_Philadelphia","67301"
"2002001057","2","U","U","U","U","9","U","U","U","U","00000","U","U","9","U","U","U","U","U","U","","","","","2001","67","CYCLE_2001_Philadelphia","67301"
"2002001076","1","","","","","","","","","","","","","","","","","","","","U","U","U","U","2001","67","CYCLE_2001_Philadelphia","67301"
"2002001077","2","","","","","","","","","","","","","","","","","","","","U","U","U","U","2001","67","CYCLE_2001_Philadelphia","67301"
"2002001078","1","","","","","","","","","","","","","","","","","","","","U","Y","U","U","2001","67","CYCLE_2001_Philadelphia","67301"
"2002001090","2","","","","","","","","","","","","","","","","","","","","U","U","U","U","2001","67","CYCLE_2001_Philadelphia","67301"
"2001254709","2","","","","","","","","","","","","","","","","","","","","U","U","N","U","2001","67","CYCLE_2001_Philadelphia","67301"
"2005148184","1","U","U","U","U","9","U","U","U","U","99999","","","","","","","","N","U","","","","","2001","67","CYCLE_2001_Philadelphia","67301"
"2002020494","2","","","","","","","","","","","","","","","","","","","","U","U","U","U","2001","67","CYCLE_2001_Philadelphia","67301"
"2002020694","1","","","","","","","","","","","","","","","","","","","","U","U","U","U","2001","67","CYCLE_2001_Philadelphia","67301"
"2002020698","2","","","","","","","","","","","","","","","","","","","","U","U","U","U","2001","67","CYCLE_2001_Philadelphia","67301"
"2002022055","2","U","U","U","Y","9","U","U","U","U","00000","U","U","9","U","U","U","U","U","U","","","","","2001","67","CYCLE_2001_Philadelphia","67301"
"2002022067","1","U","U","U","U","9","U","U","U","U","00000","U","U","9","U","U","U","U","U","U","","","","","2001","67","CYCLE_2001_Philadelphia","67301"
"2002022069","1","U","U","U","Y","9","U","U","U","U","00000","U","U","9","U","U","U","U","U","U","","","","","2001","67","CYCLE_2001_Philadelphia","67301"
"2002022084","2","","","","","","","","","","","","","","","","","","","","U","U","U","U","2001","67","CYCLE_2001_Philadelphia","67301"
"2002022506","1","U","U","U","U","9","U","U","U","U","00000","U","U","9","U","U","U","U","U","U","","","","","2001","67","CYCLE_2001_Philadelphia","67301"
"2002022782","2","","","","","","","","","","","","","","","","","","","","U","U","U","U","2001","67","CYCLE_2001_Philadelphia","67301"
"2002022832","2","U","U","U","U","9","U","U","U","U","00000","U","U","9","U","U","U","U","U","U","","","","","2001","67","CYCLE_2001_Philadelphia","67301"
"2002022844","1","","","","","","","","","","","","","","","","","","","","U","U","U","U","2001","67","CYCLE_2001_Philadelphia","67301"
"2002022846","2","","","","","","","","","","","","","","","","","","","","U","U","U","U","2001","67","CYCLE_2001_Philadelphia","67301"
"2002023042","1","U","U","U","U","9","U","U","U","U","00000","U","U","9","U","U","U","U","Y","U","","","","","2001","67","CYCLE_2001_Philadelphia","67301"
"2002023051","2","U","U","U","Y","9","U","U","U","U","00000","U","U","9","U","U","U","U","U","U","","","","","2001","67","CYCLE_2001_Philadelphia","67301"
"2002023071","2","","","","","","","","","","","","","","","","","","","","U","U","U","U","2001","67","CYCLE_2001_Philadelphia","67301"
"2002050445","2","","","","","","","","","","","","","","","","","","","","U","U","U","U","2001","67","CYCLE_2001_Philadelphia","67301"
"2001006947","2","","","","","","","","","","","","","","","","","","","","U","U","U","U","2001","67","CYCLE_2001_Philadelphia","67301"
"2001006983","2","","","","","","","","","","","","","","","","","","","","U","U","U","U","2001","67","CYCLE_2001_Philadelphia","67301"
"2001007001","1","","","","","","","","","","","","","","","","","","","","U","U","U","U","2001","67","CYCLE_2001_Philadelphia","67301"
"2001007014","1","U","U","U","U","9","U","U","U","U","00000","U","U","9","U","U","U","U","U","U","","","","","2001","67","CYCLE_2001_Philadelphia","67301"
"2001007033","2","","","","","","","","","","","","","","","","","","","","U","U","U","U","2001","67","CYCLE_2001_Philadelphia","67301"
"2001007041","1","U","U","U","U","9","U","U","U","U","00000","U","U","9","U","U","U","U","U","U","","","","","2001","67","CYCLE_2001_Philadelphia","67301"
"2001007050","2","U","U","U","U","9","U","U","U","U","00000","U","U","9","U","U","U","U","U","U","","","","","2001","67","CYCLE_2001_Philadelphia","67301"
"2001007061","1","U","U","U","Y","9","U","U","U","U","00000","U","U","9","U","U","U","U","U","U","","","","","2001","67","CYCLE_2001_Philadelphia","67301"
"2001007088","2","","","","","","","","","","","","","","","","","","","","U","U","U","U","2001","67","CYCLE_2001_Philadelphia","67301"
"2001007123","2","","","","","","","","","","","","","","","","","","","","U","U","U","U","2001","67","CYCLE_2001_Philadelphia","67301"
"2001007227","2","U","U","U","N","1","U","U","U","U","99999","","","","","","","","N","U","","","","","2001","67","CYCLE_2001_Philadelphia","67301"
"2001007244","2","","","","","","","","","","","","","","","","","","","","U","U","U","U","2001","67","CYCLE_2001_Philadelphia","67301"
"2001007251","2","","","","","","","","","","","","","","","","","","","","U","N","N","U","2001","67","CYCLE_2001_Philadelphia","67301"
"2001007297","2","","","","","","","","","","","","","","","","","","","","U","U","U","U","2001","67","CYCLE_2001_Philadelphia","67301"
"2001007300","1","U","U","U","Y","9","U","U","U","U","00000","U","U","9","U","U","U","U","U","U","","","","","2001","67","CYCLE_2001_Philadelphia","67301"
"2001007300","2","U","U","U","Y","9","U","U","U","U","00000","U","U","9","U","U","U","U","U","U","","","","","2001","67","CYCLE_2001_Philadelphia","67301"
"2001007384","2","","","","","","","","","","","","","","","","","","","","U","U","U","U","2001","67","CYCLE_2001_Philadelphia","67301"
"2001007399","1","","","","","","","","","","","","","","","","","","","","U","Y","U","U","2001","67","CYCLE_2001_Philadelphia","67301"
"2001007408","2","U","U","U","Y","9","U","U","U","U","00000","U","U","9","U","U","U","U","U","U","","","","","2001","67","CYCLE_2001_Philadelphia","67301"
"2001007413","1","U","U","U","Y","9","U","U","U","U","00000","U","U","9","U","U","U","U","U","U","","","","","2001","67","CYCLE_2001_Philadelphia","67301"
"2002050200","2","","","","","","","","","","","","","","","","","","","","U","U","U","U","2001","67","CYCLE_2001_Philadelphia","67301"
"2002050202","2","","","","","","","","","","","","","","","","","","","","U","U","U","U","2001","67","CYCLE_2001_Philadelphia","67301"
"2001204107","2","","","","","","","","","","","","","","","","","","","","U","U","N","U","2001","67","CYCLE_2001_Philadelphia","67301"
"2001206210","2","","","","","","","","","","","","","","","","","","","","U","U","N","U","2001","67","CYCLE_2001_Philadelphia","67301"
"2001207273","2","","","","","","","","","","","","","","","","","","","","U","U","N","U","2001","67","CYCLE_2001_Philadelphia","67301"
"2001207373","1","U","U","U","U","9","U","U","U","U","00250","","","","","","","","N","U","","","","","2001","67","CYCLE_2001_Philadelphia","67301"
"2001207374","1","U","U","U","U","9","U","U","U","U","00000","","","","","","","","N","U","","","","","2001","67","CYCLE_2001_Philadelphia","67301"
"2001207548","1","","","","","","","","","","","","","","","","","","","","U","U","N","U","2001","67","CYCLE_2001_Philadelphia","67301"
"2001207565","2","","","","","","","","","","","","","","","","","","","","U","U","N","U","2001","67","CYCLE_2001_Philadelphia","67301"
"2001207603","2","","","","","","","","","","","","","","","","","","","","U","U","N","U","2001","67","CYCLE_2001_Philadelphia","67301"
"2001207608","2","","","","","","","","","","","","","","","","","","","","U","U","N","U","2001","67","CYCLE_2001_Philadelphia","67301"
"2001207610","2","","","","","","","","","","","","","","","","","","","","U","U","N","U","2001","67","CYCLE_2001_Philadelphia","67301"
"2001207679","2","","","","","","","","","","","","","","","","","","","","U","U","N","U","2001","67","CYCLE_2001_Philadelphia","67301"
"2001207839","2","","","","","","","","","","","","","","","","","","","","U","U","N","U","2001","67","CYCLE_2001_Philadelphia","67301"
"2001208906","2","","","","","","","","","","","","","","","","","","","","U","U","N","U","2001","67","CYCLE_2001_Philadelphia","67301"
"2001208907","2","","","","","","","","","","","","","","","","","","","","U","U","N","U","2001","67","CYCLE_2001_Philadelphia","67301"
"2001208951","1","","","","","","","","","","","","","","","","","","","","U","U","N","U","2001","67","CYCLE_2001_Philadelphia","67301"
"2001208966","2","","","","","","","","","","","","","","","","","","","","U","U","N","U","2001","67","CYCLE_2001_Philadelphia","67301"
"2001208978","1","U","U","U","U","9","U","U","U","U","00080","","","","","","","","N","U","","","","","2001","67","CYCLE_2001_Philadelphia","67301"
"2001208989","2","","","","","","","","","","","","","","","","","","","","U","U","N","U","2001","67","CYCLE_2001_Philadelphia","67301"
"2001209007","2","","","","","","","","","","","","","","","","","","","","U","U","N","U","2001","67","CYCLE_2001_Philadelphia","67301"
"2001209081","2","","","","","","","","","","","","","","","","","","","","U","U","N","U","2001","67","CYCLE_2001_Philadelphia","67301"
"2001209105","2","U","U","U","U","9","U","U","U","U","01450","","","","","","","","N","U","","","","","2001","67","CYCLE_2001_Philadelphia","67301"
"2001209110","2","","","","","","","","","","","","","","","","","","","","U","U","N","U","2001","67","CYCLE_2001_Philadelphia","67301"
"2001209149","2","","","","","","","","","","","","","","","","","","","","U","U","N","U","2001","67","CYCLE_2001_Philadelphia","67301"
"2001209168","2","","","","","","","","","","","","","","","","","","","","U","U","N","U","2001","67","CYCLE_2001_Philadelphia","67301"
"2001209180","2","","","","","","","","","","","","","","","","","","","","U","U","N","U","2001","67","CYCLE_2001_Philadelphia","67301"
"2001209301","2","","","","","","","","","","","","","","","","","","","","U","U","N","U","2001","67","CYCLE_2001_Philadelphia","67301"
"2001210600","1","","","","","","","","","","","","","","","","","","","","U","U","N","U","2001","67","CYCLE_2001_Philadelphia","67301"
"2001210652","1","U","U","U","U","9","U","U","U","U","01299","","","","","","","","N","U","","","","","2001","67","CYCLE_2001_Philadelphia","67301"
"2001210705","2","U","U","U","U","9","U","U","U","U","00599","","","","","","","","N","U","","","","","2001","67","CYCLE_2001_Philadelphia","67301"
"2001210734","1","","","","","","","","","","","","","","","","","","","","U","U","N","U","2001","67","CYCLE_2001_Philadelphia","67301"
"2002031475","1","U","U","U","U","9","U","U","U","U","00000","U","U","9","U","U","U","U","Y","U","","","","","2001","67","CYCLE_2001_Philadelphia","67301"
"2002031578","1","U","U","U","U","9","U","U","U","U","00000","U","U","9","U","U","U","U","U","U","","","","","2001","67","CYCLE_2001_Philadelphia","67301"
"2002032084","2","","","","","","","","","","","","","","","","","","","","U","U","U","U","2001","67","CYCLE_2001_Philadelphia","67301"
"2002032097","1","U","U","U","Y","9","U","U","U","U","00000","U","U","9","U","U","U","U","U","U","","","","","2001","67","CYCLE_2001_Philadelphia","67301"
"2002032104","1","U","U","U","U","9","U","U","U","U","00000","U","U","9","U","U","U","U","U","U","","","","","2001","67","CYCLE_2001_Philadelphia","67301"
"2002032107","2","","","","","","","","","","","","","","","","","","","","U","U","U","U","2001","67","CYCLE_2001_Philadelphia","67301"
"2002032121","1","","","","","","","","","","","","","","","","","","","","U","U","U","U","2001","67","CYCLE_2001_Philadelphia","67301"
"2002032128","2","","","","","","","","","","","","","","","","","","","","U","U","U","U","2001","67","CYCLE_2001_Philadelphia","67301"
"2002032184","1","U","U","U","U","9","U","U","U","U","00000","U","U","9","U","U","U","U","U","U","","","","","2001","67","CYCLE_2001_Philadelphia","67301"
"2002032468","2","","","","","","","","","","","","","","","","","","","","U","U","U","U","2001","67","CYCLE_2001_Philadelphia","67301"
"2002032506","1","U","U","U","Y","9","U","U","U","U","00000","U","U","9","U","U","U","U","U","U","","","","","2001","67","CYCLE_2001_Philadelphia","67301"
"2002032582","5","U","U","U","U","9","U","U","U","U","00000","U","U","9","U","U","U","U","U","U","","","","","2001","67","CYCLE_2001_Philadelphia","67301"
"2002032609","2","U","U","U","U","9","U","U","U","U","00000","U","U","9","U","U","U","U","U","U","","","","","2001","67","CYCLE_2001_Philadelphia","67301"
"2002032670","2","","","","","","","","","","","","","","","","","","","","U","U","U","U","2001","67","CYCLE_2001_Philadelphia","67301"
"2002033565","1","U","U","U","U","9","U","U","U","U","00000","U","U","9","U","U","U","U","U","U","","","","","2001","67","CYCLE_2001_Philadelphia","67301"
"2002033589","2","U","U","U","Y","9","U","U","U","U","00000","U","U","9","U","U","U","U","U","U","","","","","2001","67","CYCLE_2001_Philadelphia","67301"
"2002033624","2","","","","","","","","","","","","","","","","","","","","U","U","U","U","2001","67","CYCLE_2001_Philadelphia","67301"
"2002034042","2","U","U","U","U","9","U","U","U","U","00000","U","U","9","U","U","U","U","U","U","","","","","2001","67","CYCLE_2001_Philadelphia","67301"
"2002034057","2","","","","","","","","","","","","","","","","","","","","U","U","U","U","2001","67","CYCLE_2001_Philadelphia","67301"
"2002034674","2","","","","","","","","","","","","","","","","","","","","U","Y","U","U","2001","67","CYCLE_2001_Philadelphia","67301"
"2002061795","2","U","U","U","Y","9","U","U","U","U","00000","U","U","9","U","U","U","U","U","U","","","","","2001","67","CYCLE_2001_Philadelphia","67301"
"2001259764","2","","","","","","","","","","","","","","","","","","","","U","U","N","U","2001","67","CYCLE_2001_Philadelphia","67301"
"2001259764","3","","","","","","","","","","","","","","","","","","","","U","U","N","U","2001","67","CYCLE_2001_Philadelphia","67301"
"2001259798","2","","","","","","","","","","","","","","","","","","","","U","U","N","U","2001","67","CYCLE_2001_Philadelphia","67301"
"2001259799","2","","","","","","","","","","","","","","","","","","","","U","U","N","U","2001","67","CYCLE_2001_Philadelphia","67301"
"2002043709","1","","","","","","","","","","","","","","","","","","","","U","U","U","U","2001","67","CYCLE_2001_Philadelphia","67301"
"2002044068","1","","","","","","","","","","","","","","","","","","","","U","U","N","U","2001","67","CYCLE_2001_Philadelphia","67301"
"2002029385","1","","","","","","","","","","","","","","","","","","","","U","U","U","U","2001","67","CYCLE_2001_Philadelphia","67301"
"2002029458","2","","","","","","","","","","","","","","","","","","","","U","U","U","U","2001","67","CYCLE_2001_Philadelphia","67301"
"2002029464","3","","","","","","","","","","","","","","","","","","","","U","U","U","U","2001","67","CYCLE_2001_Philadelphia","67301"
"2002029480","2","","","","","","","","","","","","","","","","","","","","U","U","U","U","2001","67","CYCLE_2001_Philadelphia","67301"
"2002029561","2","","","","","","","","","","","","","","","","","","","","U","U","U","U","2001","67","CYCLE_2001_Philadelphia","67301"
"2002029751","2","","","","","","","","","","","","","","","","","","","","U","U","U","U","2001","67","CYCLE_2001_Philadelphia","67301"
"2002029954","1","","","","","","","","","","","","","","","","","","","","U","U","U","U","2001","67","CYCLE_2001_Philadelphia","67301"
"2002029991","2","","","","","","","","","","","","","","","","","","","","U","U","U","U","2001","67","CYCLE_2001_Philadelphia","67301"
"2002030259","1","U","U","U","Y","9","U","U","U","U","00000","U","U","9","U","U","U","U","U","U","","","","","2001","67","CYCLE_2001_Philadelphia","67301"
"2002030261","1","U","U","U","U","9","U","U","U","U","00000","U","U","9","U","U","U","U","U","U","","","","","2001","67","CYCLE_2001_Philadelphia","67301"
"2002030990","1","","","","","","","","","","","","","","","","","","","","U","U","U","U","2001","67","CYCLE_2001_Philadelphia","67301"
"2002031078","2","","","","","","","","","","","","","","","","","","","","U","U","U","U","2001","67","CYCLE_2001_Philadelphia","67301"
"2002031201","2","","","","","","","","","","","","","","","","","","","","U","U","U","U","2001","67","CYCLE_2001_Philadelphia","67301"
"2006125400","2","","","","","","","","","","","","","","","","","","","","U","N","N","U","2001","67","CYCLE_2001_Philadelphia","67301"
"2003056628","2","","","","","","","","","","","","","","","","","","","","U","U","Y","U","2001","67","CYCLE_2001_Philadelphia","67301"
"2002044151","2","","","","","","","","","","","","","","","","","","","","U","U","U","U","2001","67","CYCLE_2001_Philadelphia","67301"
"2002045666","1","U","U","U","U","9","U","U","U","U","00000","U","U","9","U","U","U","U","U","U","","","","","2001","67","CYCLE_2001_Philadelphia","67301"
"2002045686","2","","","","","","","","","","","","","","","","","","","","U","U","U","U","2001","67","CYCLE_2001_Philadelphia","67301"
"2002045754","2","","","","","","","","","","","","","","","","","","","","U","Y","U","U","2001","67","CYCLE_2001_Philadelphia","67301"
"2002045756","2","","","","","","","","","","","","","","","","","","","","U","U","U","U","2001","67","CYCLE_2001_Philadelphia","67301"
"2002045793","2","U","U","U","U","9","U","U","U","U","00000","U","U","9","U","U","U","U","U","U","","","","","2001","67","CYCLE_2001_Philadelphia","67301"
"2001267401","2","","","","","","","","","","","","","","","","","","","","U","U","N","U","2001","67","CYCLE_2001_Philadelphia","67301"
"2001267405","2","","","","","","","","","","","","","","","","","","","","U","U","N","U","2001","67","CYCLE_2001_Philadelphia","67301"
"2001267412","2","","","","","","","","","","","","","","","","","","","","U","U","N","U","2001","67","CYCLE_2001_Philadelphia","67301"
"2001268098","2","","","","","","","","","","","","","","","","","","","","U","U","N","U","2001","67","CYCLE_2001_Philadelphia","67301"
"2004087697","2","N","U","N","U","0","","","U","U","99999","","","","","","","","N","N","","","","","2001","67","CYCLE_2001_Philadelphia","67301"
"2002034852","1","U","U","U","U","9","U","U","U","U","00000","U","U","9","U","U","U","U","U","U","","","","","2001","67","CYCLE_2001_Philadelphia","67301"
"2002035114","2","U","U","U","U","9","U","U","U","U","00000","U","U","9","U","U","U","U","U","U","","","","","2001","67","CYCLE_2001_Philadelphia","67301"
"2002035131","2","","","","","","","","","","","","","","","","","","","","U","U","U","U","2001","67","CYCLE_2001_Philadelphia","67301"
"2002035136","1","","","","","","","","","","","","","","","","","","","","U","U","U","U","2001","67","CYCLE_2001_Philadelphia","67301"
"2002035142","1","U","U","U","Y","9","U","U","U","U","00000","U","U","9","U","U","U","U","U","U","","","","","2001","67","CYCLE_2001_Philadelphia","67301"
"2002035231","2","U","U","U","U","9","U","U","U","U","00000","U","U","9","U","U","U","U","U","U","","","","","2001","67","CYCLE_2001_Philadelphia","67301"
"2001265950","2","","","","","","","","","","","","","","","","","","","","U","U","N","U","2001","67","CYCLE_2001_Philadelphia","67301"
"2001265953","1","U","U","U","U","9","U","U","U","U","00929","","","","","","","","N","U","","","","","2001","67","CYCLE_2001_Philadelphia","67301"
"2001265962","1","","","","","","","","","","","","","","","","","","","","U","U","N","U","2001","67","CYCLE_2001_Philadelphia","67301"
"2001266614","2","","","","","","","","","","","","","","","","","","","","U","U","N","U","2001","67","CYCLE_2001_Philadelphia","67301"
"2001266711","1","","","","","","","","","","","","","","","","","","","","U","U","N","U","2001","67","CYCLE_2001_Philadelphia","67301"
"2001266712","1","","","","","","","","","","","","","","","","","","","","U","U","N","U","2001","67","CYCLE_2001_Philadelphia","67301"
